{
  "iteration": 2,
  "hypothesis_id": "H33",
  "timestamp": "2026-02-25T14:30:00Z",
  "task_name": "\u65e2\u5b58 SSoT \u30c7\u30fc\u30bf\u306e\u62bd\u51fa\u3068 \u03ba \u56de\u5e30\u306e\u30d9\u30fc\u30b9\u30e9\u30a4\u30f3\u69cb\u7bc9 (FPR\u8ffd\u52a0\u30fb\u30cf\u30fc\u30c9\u30b3\u30fc\u30c9\u4fee\u6b63\u7248)",
  "data_sources": {
    "description": "Fermion masses (PDG 2024) and hyperbolic volumes (SSoT topology_assignments.json)",
    "loaded_via_ssot": true
  },
  "computed_values": {
    "quark_regression": {
      "slope": 0.9679254524227826,
      "intercept": -4.4619002856523515,
      "r2": 0.9334772023217537,
      "p_value": 0.0016977198779694464,
      "std_err": 0.12919488191220438,
      "ci_95": [
        0.6092229549210358,
        1.3266279499245295
      ]
    },
    "lepton_regression": null,
    "unified_kappa_regression": {
      "slope": 0.06519814023565182,
      "intercept": -0.051518710612571295,
      "r2": 0.7625884017101761,
      "p_value": 0.004617719079377211,
      "std_err": 0.014851333496067952,
      "ci_95": [
        0.02885823629881676,
        0.10153804417248688
      ]
    },
    "fpr_unified": 0.0044,
    "theory_kappa": 0.1308996938995747,
    "kappa_from_quarks": 0.09679254524227826,
    "kappa_from_leptons": null,
    "kappa_from_unified": 0.06519814023565182
  },
  "ssot_compliance": {
    "all_constants_from_ssot": true,
    "hardcoded_values_found": false,
    "synthetic_data_used": false,
    "constants_used": [
      "mathematical_constants.kappa",
      "topology_constants.quark_components",
      "theoretical_mass_laws.lepton_jump"
    ]
  },
  "reproducibility": {
    "random_seed": 42,
    "computation_time_sec": 3.8473751544952393
  }
}