{
  "Up": {
    "topology": "8_3",
    "volume": 5.2386841007,
    "obs_mass": 2.16,
    "pred_mass": 2.051581308859027,
    "error": 5.019383849119132
  },
  "Charm": {
    "topology": "11n_83",
    "volume": 12.0122016232,
    "obs_mass": 1270.0,
    "pred_mass": 1268.2074545971013,
    "error": 0.14114530731485572
  },
  "Top": {
    "topology": "12a_1210",
    "volume": 17.2207391327,
    "obs_mass": 172760.0,
    "pred_mass": 172703.27367986485,
    "error": 0.03283533233106345
  },
  "Down": {
    "topology": "12n_309",
    "volume": 6.3437608892,
    "obs_mass": 4.67,
    "pred_mass": 4.688748122439674,
    "error": 0.4014587246182857
  },
  "Strange": {
    "topology": "11n_143",
    "volume": 9.3137681045,
    "obs_mass": 93.4,
    "pred_mass": 93.404119168711,
    "error": 0.004410244872591052
  },
  "Bottom": {
    "topology": "12a_1031",
    "volume": 13.1223408946,
    "obs_mass": 4180.0,
    "pred_mass": 4185.157277892636,
    "error": 0.12337985389080497
  },
  "Electron": {
    "topology": "3_1",
    "volume": 0.0,
    "obs_mass": 0.511,
    "pred_mass": 0.511,
    "error": 0.0
  },
  "Muon": {
    "topology": "4_1",
    "volume": 2.0298832128,
    "obs_mass": 105.66,
    "pred_mass": 97.26413590677754,
    "error": 7.946114038635678
  },
  "Tau": {
    "topology": "6_1",
    "volume": 3.1639632288,
    "obs_mass": 1776.86,
    "pred_mass": 1826.0366824903042,
    "error": 2.7676171724448917
  }
}