{
  "iteration": 1,
  "hypothesis_id": "H2",
  "timestamp": "2026-02-22T11:03:20.472899",
  "task_name": "アクシオン抑制因子 ST の不確定性縮小 - 最善モデル確定と感度分析 (Final)",
  "computed_values": {
    "final_model_b": {
      "r2": 0.769385758305158,
      "adj_r2": 0.7692303054964658,
      "model_f_stat": 4949.320406482208,
      "model_f_pvalue": 0.0,
      "uncertainty_log10": 0.945281783830026,
      "p_values": {
        "const": 7.260125693920642e-43,
        "volume": 0.0,
        "crossing_number": 1.1397769688004665e-08
      },
      "pred_ln_st_6_3": -6.481076987579771
    },
    "sensitivity_analysis": {
      "0.5": {
        "r2": 0.6943595051320159,
        "adj_r2": 0.6941534785092536,
        "model_f_stat": 3370.2416504340217,
        "model_f_pvalue": 0.0,
        "uncertainty_log10": 0.47555223857346973,
        "p_values": {
          "const": 5.383518121623664e-15,
          "volume": 0.0,
          "crossing_number": 0.0007237419799362012
        },
        "pred_ln_st_6_3": -2.2468414753195427
      },
      "1.0": {
        "r2": 0.7509799741307592,
        "adj_r2": 0.7508121143222866,
        "model_f_stat": 4473.852204191717,
        "model_f_pvalue": 0.0,
        "uncertainty_log10": 0.6061610970835535,
        "p_values": {
          "const": 7.906688513456946e-27,
          "volume": 0.0,
          "crossing_number": 5.842512455474006e-05
        },
        "pred_ln_st_6_3": -3.627135208216883
      },
      "1.5": {
        "r2": 0.7688506394133232,
        "adj_r2": 0.7686948258908516,
        "model_f_stat": 4934.4282012061385,
        "model_f_pvalue": 0.0,
        "uncertainty_log10": 0.7621322730648619,
        "p_values": {
          "const": 1.1296170659431907e-38,
          "volume": 0.0,
          "crossing_number": 4.825263023828404e-08
        },
        "pred_ln_st_6_3": -5.072220165172795
      },
      "2.0": {
        "r2": 0.769385758305158,
        "adj_r2": 0.7692303054964658,
        "model_f_stat": 4949.320406482208,
        "model_f_pvalue": 0.0,
        "uncertainty_log10": 0.945281783830026,
        "p_values": {
          "const": 7.260125693920642e-43,
          "volume": 0.0,
          "crossing_number": 1.1397769688004665e-08
        },
        "pred_ln_st_6_3": -6.481076987579771
      },
      "3.0": {
        "r2": 0.7612886513733313,
        "adj_r2": 0.7611277404541357,
        "model_f_stat": 4731.118653594522,
        "model_f_pvalue": 0.0,
        "uncertainty_log10": 1.3300856518549888,
        "p_values": {
          "const": 1.5877810902734742e-52,
          "volume": 0.0,
          "crossing_number": 2.4844795875274593e-11
        },
        "pred_ln_st_6_3": -9.482108512690944
      }
    }
  },
  "ssot_compliance": {
    "all_constants_from_json": true,
    "hardcoded_values_found": false,
    "constants_used": [
      "kappa",
      "noise_sigma",
      "det_exponent"
    ]
  },
  "reproducibility": {
    "random_seed": 42,
    "computation_time_sec": 0.542029857635498
  },
  "notes": "Focused on Model B (V, C) as Jones polynomial was proven non-significant in previous iterations. sensitivity_analysis confirms results are robust across det_exponent values."
}