{
  "target": {
    "ln_tau_e": 8.15398872936122,
    "expected_kashaev_3": 49.06975398711724
  },
  "results": [
    {
      "m": 1,
      "kashaev_3": 5.56776436283002,
      "factor": 3.5960629913772943,
      "error_log": 55.898111823132126,
      "error_kashaev": 88.65336809250812
    },
    {
      "m": 0,
      "kashaev_3": 1,
      "factor": 0.0,
      "error_log": 100.0,
      "error_kashaev": 97.96208474926827
    }
  ],
  "best_match": {
    "m": 1,
    "kashaev_3": 5.56776436283002,
    "factor": 3.5960629913772943,
    "error_log": 55.898111823132126,
    "error_kashaev": 88.65336809250812
  }
}