{
  "gamma_loo_mean": 0.8216748765916232,
  "gamma_loo_std": 0.1444809533672824,
  "xi_loo_mean": 0.7430457017981663,
  "f_branching": 0.984375,
  "status": "REJECTED",
  "results": [
    {
      "excluded": "DES Y3",
      "xi_fit": 0.8801696245027429,
      "gamma": 0.9733092673072662,
      "s8_pred": 0.8037588229426017
    },
    {
      "excluded": "HSC Y3",
      "xi_fit": 0.7817398620933017,
      "gamma": 0.86446365702381,
      "s8_pred": 0.7918330200722175
    },
    {
      "excluded": "KiDS-Legacy",
      "xi_fit": 0.5672276187984542,
      "gamma": 0.6272517054437934,
      "s8_pred": 0.7651989491476091
    }
  ]
}