{
  "gamma_app": 0.6242759921067506,
  "s8_pred_0": 0.7384235477449632,
  "chi2": 11.864099127777456,
  "status": "SINGLE_POINT_PREDICTION_NO_LOO-CV",
  "surveys": [
    {
      "survey": "DES Y3",
      "z_eff": 0.33,
      "s8_obs_z": 0.6369386315573163,
      "s8_pred_z": 0.6265683974813769,
      "gamma_app": 0.6242759921067506
    },
    {
      "survey": "HSC Y3",
      "z_eff": 0.6,
      "s8_obs_z": 0.5673344505450411,
      "s8_pred_z": 0.5487920670682478,
      "gamma_app": 0.6242759921067506
    },
    {
      "survey": "KiDS-Legacy",
      "z_eff": 0.26,
      "s8_obs_z": 0.7096427462525674,
      "s8_pred_z": 0.6489172202473492,
      "gamma_app": 0.6242759921067506
    }
  ]
}