{
  "baseline": {
    "chi2": 1.382548290205953
  },
  "permutation_test": {
    "p_value": 0.005555555555555556,
    "total": 5040
  },
  "bootstrap": {
    "mean_chi2": 8.416481321822346,
    "iterations": 10000
  }
}