{
  "model": "R_base Stabilization (Section 2 Revised V3)",
  "global_fit": {
    "r_base": 36.1921,
    "beta": 4.5224,
    "d_eff": 9.4751,
    "uncertainties": [
      46.30637682545696,
      4.936048610520185
    ],
    "per_survey": {
      "DES Y3": {
        "rz": 37.289,
        "tension": 2.38
      },
      "CFHTLenS": {
        "rz": 27.375,
        "tension": 0.967
      },
      "DLS": {
        "rz": 17.229,
        "tension": -0.444
      },
      "HSC Y3": {
        "rz": 10.582,
        "tension": -0.181
      },
      "KiDS-Legacy": {
        "rz": 17.997,
        "tension": -0.769
      }
    },
    "chi2": 7.4233
  },
  "loo_cv": {
    "per_fold": {
      "DES Y3": {
        "r_base_loo": 75.7929,
        "beta_loo": 5.7905,
        "tension": 2.5672,
        "s8_pred": 0.7037,
        "s8_obs_z": 0.6488,
        "boundary_sticking": []
      },
      "CFHTLenS": {
        "r_base_loo": 38.8056,
        "beta_loo": 4.4978,
        "tension": 0.9974,
        "s8_pred": 0.6763,
        "s8_obs_z": 0.6216,
        "boundary_sticking": []
      },
      "DLS": {
        "r_base_loo": 97.2377,
        "beta_loo": 10.0,
        "tension": -1.3209,
        "s8_pred": 0.5941,
        "s8_obs_z": 0.6497,
        "boundary_sticking": [
          "beta_max"
        ]
      },
      "HSC Y3": {
        "r_base_loo": 103.7913,
        "beta_loo": 10.0,
        "tension": -1.1232,
        "s8_pred": 0.5706,
        "s8_obs_z": 0.5992,
        "boundary_sticking": [
          "beta_max"
        ]
      },
      "KiDS-Legacy": {
        "r_base_loo": 2.8305,
        "beta_loo": 0.0,
        "tension": -2.879,
        "s8_pred": 0.6645,
        "s8_obs_z": 0.7177,
        "boundary_sticking": [
          "beta_min"
        ]
      }
    },
    "mae_all": 1.7775
  },
  "bootstrap": {
    "r_base_mean": 52.76098015277676,
    "r_base_std": 73.70207733726578,
    "beta_mean": 4.574466317196438,
    "beta_std": 3.0196623311228357,
    "mae_mean": 1.5911192599447679,
    "mae_std": 0.47887877935134804
  },
  "profile_likelihood": {
    "values": [
      1.0,
      36.642857142857146,
      72.28571428571429,
      107.92857142857144,
      143.57142857142858,
      179.21428571428572,
      214.8571428571429,
      250.50000000000003,
      286.14285714285717,
      321.78571428571433,
      357.42857142857144,
      393.0714285714286,
      428.7142857142858,
      464.3571428571429,
      500.0
    ],
    "chi2": [
      343174.4957263376,
      7.423432770878612,
      7.661440316725479,
      7.950408458547464,
      8.334731123416637,
      8.334237559860652,
      8.45576211616364,
      8.548911924972828,
      8.622225437867362,
      8.680998265043016,
      8.729662618517375,
      8.769167187775038,
      8.802339525870538,
      8.831295913626107,
      8.85447815562449
    ],
    "identifiable": true,
    "ci_range": [
      36.642857142857146,
      179.21428571428572
    ],
    "at_boundary": false,
    "threshold": 1.0
  },
  "metrics": {
    "n_data": 5,
    "n_params": 2,
    "chi2": 7.4233,
    "aic": 11.423300000000001,
    "bic": 10.6421758248682,
    "delta_aic_vs_base": 2.9349000000000007,
    "delta_bic_vs_base": 2.1537758248682,
    "chi2_baseline": 8.4884
  },
  "ssot_keys_used": [
    "v6.0/data/physical_constants.json:kappa",
    "v6.0/data/cosmological_constants.json:r_base_bounds",
    "v6.0/data/cosmological_constants.json:beta_bounds",
    "v6.0/data/cosmological_constants.json:scaling_laws"
  ]
}