{
  "model": "Scale-Dependent (Single-Regime) Scaling Model (Section 1 Revised V3)",
  "global_fit": {
    "params": [
      7.722877685686971,
      -0.9283350889363133
    ],
    "uncertainties": [
      8.423224223459512,
      0.9212639058214528
    ],
    "alpha": 7.7229,
    "gamma": -0.9283,
    "per_survey": {
      "DES Y3": {
        "rz": 8.198,
        "tension": 0.295
      },
      "CFHTLenS": {
        "rz": 9.582,
        "tension": 0.333
      },
      "DLS": {
        "rz": 8.76,
        "tension": -1.02
      },
      "HSC Y3": {
        "rz": 12.062,
        "tension": 0.005
      },
      "KiDS-Legacy": {
        "rz": 38.518,
        "tension": 0.188
      }
    },
    "chi2": 1.2744
  },
  "loo_cv": {
    "per_fold": {
      "DES Y3": {
        "params_opt": [
          4.711443752112616,
          -0.3445187680628259
        ],
        "alpha": 4.7114,
        "gamma": -0.3445,
        "k_ho": 0.15,
        "tension": 1.2733,
        "s8_pred": 0.676,
        "s8_obs_z": 0.6488,
        "boundary_sticking": []
      },
      "CFHTLenS": {
        "params_opt": [
          7.636441646546229,
          -0.88827124541283
        ],
        "alpha": 7.6364,
        "gamma": -0.8883,
        "k_ho": 0.2,
        "tension": 0.3644,
        "s8_pred": 0.6416,
        "s8_obs_z": 0.6216,
        "boundary_sticking": []
      },
      "DLS": {
        "params_opt": [
          7.696486669092093,
          -1.0560016392935916
        ],
        "alpha": 7.6965,
        "gamma": -1.056,
        "k_ho": 0.22,
        "tension": -1.1423,
        "s8_pred": 0.6016,
        "s8_obs_z": 0.6497,
        "boundary_sticking": []
      },
      "HSC Y3": {
        "params_opt": [
          7.776537759825837,
          -0.9320955534600134
        ],
        "alpha": 7.7765,
        "gamma": -0.9321,
        "k_ho": 0.35,
        "tension": 0.0097,
        "s8_pred": 0.5995,
        "s8_obs_z": 0.5992,
        "boundary_sticking": []
      },
      "KiDS-Legacy": {
        "params_opt": [
          10.518890135131622,
          -1.120318715981044
        ],
        "alpha": 10.5189,
        "gamma": -1.1203,
        "k_ho": 0.7,
        "tension": 0.3319,
        "s8_pred": 0.7239,
        "s8_obs_z": 0.7177,
        "boundary_sticking": []
      }
    },
    "mae_all": 0.6243
  },
  "bootstrap": {
    "alpha_mean": 16.051304857154065,
    "alpha_std": 26.49257297373052,
    "gamma_mean": -0.7558802985375153,
    "gamma_std": 1.1152065712975852,
    "mae_mean": 1.0590971375046985,
    "mae_std": 0.38970266031538914,
    "alpha_gamma_corr": -0.5808461906272687,
    "samples": {
      "alpha": [
        7.63642942645645,
        7.6364643747352074,
        0.31457222580956956,
        7.77649046037811,
        7.776465354393182,
        7.522822761546887,
        10.845523961581296,
        7.636425635079039,
        7.722922385924073,
        10.518890135131622,
        2.6035365760759297,
        4.711457331647381,
        7.636435330915175,
        7.193786619750206,
        53.08724124983606,
        0.31457222580956956,
        7.522848694439592,
        100.0,
        10.518890135131622,
        7.52282652205805,
        100.0,
        7.193788622997824,
        100.0,
        7.6364643747352074,
        7.776537759825837,
        0.31457222580956956,
        100.0,
        2.6135553384693027,
        10.393611181526683,
        3.7336951493120702,
        6.320551730293032,
        4.7114331616484995,
        2.9695341115686738,
        7.193786619750206,
        7.8273869391236754,
        2.6135553384693027,
        7.522848694439592,
        6.330190754702874,
        7.522822761546887,
        10.845523961581296,
        53.08724124983606,
        7.776589117710393,
        7.69778388516048,
        10.393581898998203,
        2.9695341115686738,
        7.636439178992672,
        7.193786619750206,
        7.636441646546229,
        7.636452218484344,
        10.518932798156445
      ],
      "gamma": [
        -0.8882701957968249,
        -0.8882732694659659,
        2.117067601206179,
        -0.9320930152563557,
        -0.9320908901700172,
        -1.0080829521766421,
        -1.2552047066670993,
        -0.8882698586603273,
        -0.9283387730179763,
        -1.120318715981044,
        1.4994630894197807,
        -0.3445172849423606,
        -0.8882707631547512,
        -0.9751698428718452,
        -2.768015089192969,
        2.117067601206179,
        -1.0080858529896446,
        -2.2327314260061604,
        -1.120318715981044,
        -1.0080837561363638,
        -2.2327314260061604,
        -0.9751701368090744,
        -2.2664790342153704,
        -0.8882732694659659,
        -0.9320955534600134,
        2.117067601206179,
        -2.3348287587164918,
        1.4970770106082247,
        -1.0798516151641762,
        0.014566209589099838,
        -1.013887031841573,
        -0.3445126952479674,
        0.020015008602378568,
        -0.9751698428718452,
        -1.5787590833414895,
        1.4970770106082247,
        -1.0080858529896446,
        -1.0177861892210358,
        -1.0080829521766421,
        -1.2552047066670993,
        -2.768015089192969,
        -0.9320994950304519,
        -1.056106373751836,
        -1.0798512742608817,
        0.020015008602378568,
        -0.8882710499579736,
        -0.9751698428718452,
        -0.88827124541283,
        -0.888272203224896,
        -1.120321237558763
      ]
    }
  },
  "profile_likelihood": {
    "values": [
      -5.0,
      -4.285714285714286,
      -3.571428571428571,
      -2.857142857142857,
      -2.142857142857143,
      -1.4285714285714284,
      -0.7142857142857144,
      0.0,
      0.7142857142857144,
      1.4285714285714288,
      2.1428571428571432,
      2.8571428571428577,
      3.571428571428571,
      4.2857142857142865,
      5.0
    ],
    "chi2": [
      10241613.799387531,
      7065906.124946895,
      1732891.9378596547,
      2.387443284507983,
      1.981301136190235,
      1.4618534968386094,
      1.3357269047049554,
      3.4227228257065354,
      8.270381160499042,
      10.469931975497898,
      17.69108928565565,
      12.705314131308254,
      18.425094908342327,
      1206021852555.2075,
      51435606783933.53
    ],
    "identifiable": true,
    "ci_range": [
      -2.142857142857143,
      -0.7142857142857144
    ],
    "at_boundary": false,
    "threshold": 1.0
  },
  "metrics": {
    "n_data": 5,
    "n_params": 2,
    "chi2": 1.2744,
    "aic": 5.2744,
    "bic": 4.493275824868201,
    "delta_aic_vs_base": -3.2140000000000004,
    "delta_bic_vs_base": -3.9951241751317994,
    "chi2_baseline": 8.4884
  },
  "ssot_keys_used": [
    "v6.0/data/physical_constants.json:kappa",
    "v6.0/data/cosmological_constants.json:gamma_min",
    "v6.0/data/cosmological_constants.json:gamma_max",
    "v6.0/data/cosmological_constants.json:scaling_laws"
  ]
}