{
  "model": "Effective Dimension D(k) Linear (Section 3 Revised V3)",
  "global_fit": {
    "slope": 9.5577,
    "beta": 0.9112,
    "uncertainties": [
      1.8248940392029365,
      0.8658108794466446
    ],
    "per_survey": {
      "DES Y3": {
        "rz": 6.73,
        "tension": 0.077
      },
      "CFHTLenS": {
        "rz": 10.599,
        "tension": 0.394
      },
      "DLS": {
        "rz": 10.554,
        "tension": -0.879
      },
      "HSC Y3": {
        "rz": 15.377,
        "tension": 0.372
      },
      "KiDS-Legacy": {
        "rz": 25.675,
        "tension": -0.214
      }
    },
    "chi2": 1.1177
  },
  "loo_cv": {
    "per_fold": {
      "DES Y3": {
        "slope_loo": 8.6034,
        "beta_loo": 0.9373,
        "tension": 0.4619,
        "s8_pred": 0.6587,
        "s8_obs_z": 0.6488,
        "boundary_sticking": []
      },
      "CFHTLenS": {
        "slope_loo": 9.3877,
        "beta_loo": 0.8189,
        "tension": 0.4333,
        "s8_pred": 0.6454,
        "s8_obs_z": 0.6216,
        "boundary_sticking": []
      },
      "DLS": {
        "slope_loo": 10.014,
        "beta_loo": 1.2637,
        "tension": -1.0393,
        "s8_pred": 0.606,
        "s8_obs_z": 0.6497,
        "boundary_sticking": []
      },
      "HSC Y3": {
        "slope_loo": 10.1981,
        "beta_loo": 0.0,
        "tension": 0.9162,
        "s8_pred": 0.6226,
        "s8_obs_z": 0.5992,
        "boundary_sticking": [
          "beta_min"
        ]
      },
      "KiDS-Legacy": {
        "slope_loo": 9.3212,
        "beta_loo": 1.0874,
        "tension": -0.2838,
        "s8_pred": 0.7125,
        "s8_obs_z": 0.7177,
        "boundary_sticking": []
      }
    },
    "mae_all": 0.6269
  },
  "bootstrap": {
    "slope_mean": 9.353792630874805,
    "slope_std": 1.2589123377229017,
    "beta_mean": 0.6857399929423968,
    "beta_std": 0.5313452758341205,
    "mae_mean": 1.2057836457972122,
    "mae_std": 0.5840629284889949
  },
  "profile_likelihood": {
    "values": [
      -50.0,
      -42.857142857142854,
      -35.714285714285715,
      -28.57142857142857,
      -21.428571428571427,
      -14.285714285714285,
      -7.142857142857139,
      0.0,
      7.142857142857146,
      14.285714285714292,
      21.42857142857143,
      28.57142857142857,
      35.71428571428572,
      42.85714285714286,
      50.0
    ],
    "chi2": [
      73363701.33985746,
      55432393.61423545,
      40207961.2646072,
      27731131.54300146,
      18001904.4568873,
      10642978.852706097,
      15.326901942056004,
      8.32176983220912,
      1.9263491983984236,
      16802991.914432462,
      30287617.803827066,
      49082831.83084189,
      73188634.0398212,
      102605024.48146299,
      137332003.17833957
    ],
    "identifiable": true,
    "ci_range": [
      7.142857142857146,
      7.142857142857146
    ],
    "at_boundary": false,
    "threshold": 1.0
  },
  "metrics": {
    "n_data": 5,
    "n_params": 2,
    "chi2": 1.1177,
    "aic": 5.1177,
    "bic": 4.3365758248682,
    "delta_aic_vs_base": -3.3707000000000003,
    "delta_bic_vs_base": -4.1518241751318,
    "chi2_baseline": 8.4884
  },
  "ssot_keys_used": [
    "v6.0/data/physical_constants.json:kappa",
    "v6.0/data/cosmological_constants.json:beta_bounds",
    "v6.0/data/cosmological_constants.json:scaling_laws"
  ]
}