{
  "Electron": {
    "mass_mev": 0.511,
    "predicted_mass": 0.5137699002403553,
    "mass_error_percent": 0.5420548415568068,
    "target_volume": 9.267018659820213,
    "assigned_topology": "11n_107",
    "actual_volume": 9.2729205301,
    "volume_error": 0.005901870279787502,
    "formula": "ln(m) = G(V - 10)",
    "crossing_number": 11,
    "determinant": 21
  },
  "Muon": {
    "mass_mev": 105.66,
    "predicted_mass": 105.65010241756582,
    "mass_error_percent": 0.009367388258733506,
    "target_volume": 15.087774498695453,
    "assigned_topology": "12a_564",
    "actual_volume": 15.087672226,
    "volume_error": 0.00010227269545204365,
    "formula": "ln(m) = G(V - 10)",
    "crossing_number": 12,
    "determinant": 135
  },
  "Tau": {
    "mass_mev": 1776.86,
    "predicted_mass": 1776.902667175301,
    "mass_error_percent": 0.0024012682654331817,
    "target_volume": 18.16908745061101,
    "assigned_topology": "13n_121",
    "actual_volume": 18.169113666,
    "volume_error": 2.6215388992056887e-05,
    "formula": "ln(m) = G(V - 10)",
    "crossing_number": 13,
    "determinant": 161
  },
  "Up": {
    "mass_mev": 2.16,
    "predicted_mass": 2.159410057312216,
    "mass_error_percent": 0.027312161471481775,
    "target_volume": 9.532118458835626,
    "assigned_topology": "L10n95{1,0}",
    "actual_volume": 9.531879835800977,
    "volume_error": 0.0002386230346491658,
    "formula": "ln(m) = V ln(pi) - (7 + pi)",
    "crossing_number": 10,
    "determinant": 32
  },
  "Down": {
    "mass_mev": 4.67,
    "predicted_mass": 4.723341304872149,
    "mass_error_percent": 1.1422120957633703,
    "target_volume": 10.205684213967986,
    "assigned_topology": "L9a2{1}",
    "actual_volume": 10.215605664596744,
    "volume_error": 0.009921450628757711,
    "formula": "ln(m) = V ln(pi) - (7 + pi)",
    "crossing_number": 9,
    "determinant": 40
  },
  "Charm": {
    "mass_mev": 1270.0,
    "predicted_mass": 1274.2642377225327,
    "mass_error_percent": 0.33576674980572424,
    "target_volume": 15.102571398504463,
    "assigned_topology": "L11a54{0}",
    "actual_volume": 15.105499637873702,
    "volume_error": 0.0029282393692398045,
    "formula": "ln(m) = V ln(pi) - (7 + pi)",
    "crossing_number": 11,
    "determinant": 112
  },
  "Strange": {
    "mass_mev": 93.4,
    "predicted_mass": 91.8877408200399,
    "mass_error_percent": 1.619121177687485,
    "target_volume": 12.822661642954328,
    "assigned_topology": "L10a95{1}",
    "actual_volume": 12.808401753415422,
    "volume_error": 0.014259889538905668,
    "formula": "ln(m) = V ln(pi) - (7 + pi)",
    "crossing_number": 10,
    "determinant": 72
  },
  "Top": {
    "mass_mev": 172760.0,
    "predicted_mass": 167871.3170450213,
    "mass_error_percent": 2.829753967920058,
    "target_volume": 19.394314375037826,
    "assigned_topology": "L11a401{1,1}",
    "actual_volume": 19.369238038236382,
    "volume_error": 0.025076336801443944,
    "formula": "ln(m) = V ln(pi) - (7 + pi)",
    "crossing_number": 11,
    "determinant": 192
  },
  "Bottom": {
    "mass_mev": 4180.0,
    "predicted_mass": 4181.543931222218,
    "mass_error_percent": 0.03693615364157672,
    "target_volume": 16.143248645418666,
    "assigned_topology": "L11a9{1}",
    "actual_volume": 16.143571248456993,
    "volume_error": 0.0003226030383274292,
    "formula": "ln(m) = V ln(pi) - (7 + pi)",
    "crossing_number": 11,
    "determinant": 120
  },
  "W": {
    "mass_mev": 80379.0,
    "predicted_mass": 80414.56655733858,
    "mass_error_percent": 0.044248569077218795,
    "target_volume": 11.833852889936738,
    "assigned_topology": "L10a96{1}",
    "actual_volume": 11.834295277759585,
    "volume_error": 0.00044238782284722333,
    "formula": "ln(m) = V - phi/3",
    "crossing_number": 10,
    "determinant": 64
  },
  "Z": {
    "mass_mev": 91187.6,
    "predicted_mass": 91220.6871682638,
    "mass_error_percent": 0.036284723212142135,
    "target_volume": 11.960018864822707,
    "assigned_topology": "L10a159{0,0}",
    "actual_volume": 11.960381646241691,
    "volume_error": 0.0003627814189837153,
    "formula": "ln(m) = V - phi/3",
    "crossing_number": 10,
    "determinant": 64
  },
  "Higgs": {
    "mass_mev": 125100.0,
    "predicted_mass": 125108.03402970215,
    "mass_error_percent": 0.00642208609284305,
    "target_volume": 12.276213359371635,
    "assigned_topology": "L10a141{0,0}",
    "actual_volume": 12.276277578170491,
    "volume_error": 6.421879885643023e-05,
    "formula": "ln(m) = V - phi/3",
    "crossing_number": 10,
    "determinant": 64
  }
}