{
  "gamma_avg": 0.6138812686606243,
  "gamma_std": 0.011736147609977179,
  "gamma_app_target": 0.623,
  "chi2": 6.685035473694149,
  "verdict_old": "ACCEPTED",
  "verdict_new": "ACCEPTED",
  "surveys": [
    {
      "survey": "DES Y3",
      "z_eff": 0.33,
      "k_eff": 0.15,
      "s8_obs_z": 0.6488187222803312,
      "s8_pred_z": 0.6342566775525701,
      "sigma_diff": -0.6813978431155856,
      "gamma_impl": 0.6230991885002357
    },
    {
      "survey": "HSC Y3",
      "z_eff": 0.6,
      "k_eff": 0.35,
      "s8_obs_z": 0.5992330119728544,
      "s8_pred_z": 0.566874520594835,
      "sigma_diff": -1.2698146002515622,
      "gamma_impl": 0.6212254759553117
    },
    {
      "survey": "KiDS-Legacy",
      "z_eff": 0.26,
      "k_eff": 0.7,
      "s8_obs_z": 0.7177179515342521,
      "s8_pred_z": 0.6780183613168055,
      "sigma_diff": -2.146695910947692,
      "gamma_impl": 0.5973191415263255
    }
  ]
}