{
  "iteration": 6,
  "hypothesis_id": "H59",
  "timestamp": "2026-02-27T09:30:54.683148+00:00",
  "task_name": "固定α・固定γでの β 単回帰と LOO-CV 実施",
  "data_sources": {
    "description": "Fermion 9 points (obs mass) vs Topology Volume and Determinant",
    "loaded_via_ssot": true
  },
  "computed_values": {
    "fixed_parameters": {
      "alpha": 0.18512012242326525,
      "gamma": -7.327724753,
      "kappa": 0.1308996938995747
    },
    "fitted_beta": 10.863830217735543,
    "beta_p_value": 1.2606917103285637e-05,
    "training_metrics": {
      "r2": 0.29479473863357786,
      "mae": 2.8052751408811663
    },
    "loo_cv_metrics": {
      "loo_r2": 0.10747459108312218,
      "loo_mae": 3.155934533491312,
      "residuals": {
        "Electron": -4.962224694248908,
        "Muon": 0.630529303962124,
        "Tau": 3.516283434307417,
        "Up": -4.414675070229917,
        "Down": -3.8330301478224307,
        "Charm": 1.5255885519401042,
        "Strange": -0.9917754884096448,
        "Top": 6.309673618790773,
        "Bottom": 2.219630491710486
      }
    },
    "validation_checks": {
      "r2_check": false,
      "mae_check": true,
      "p_value_check": true
    }
  },
  "ssot_compliance": {
    "all_constants_from_ssot": true,
    "hardcoded_values_found": false,
    "synthetic_data_used": false,
    "constants_used": [
      "mathematical_constants.kappa",
      "topology_constants.v_borromean",
      "particle_data.quarks",
      "particle_data.leptons",
      "topology_assignments",
      "statistical_thresholds.bonferroni_base_alpha"
    ]
  },
  "reproducibility": {
    "random_seed": null,
    "computation_time_sec": 0.004285573959350586
  },
  "notes": "α=sqrt(2)*kappa, γ=-v_borromean に固定し、β（1パラメータ）のみを推定。LOO-CVを実施し残差と汎化性能を評価した。"
}