{
  "gamma_mean": 0.7270133244273334,
  "gamma_std": 0.03481608698147944,
  "gamma_theory": 0.6875,
  "S8_pred": 0.7686694337186392,
  "S8_loo_cv_mean": 0.7869302640848895,
  "Om_ksau": 0.2695,
  "xi_theory": 0.5,
  "loo_cv_results": [
    {
      "excluded": "DES Y3 (2021/24)",
      "xi_fit": 0.7765570937062141,
      "s8_pred": 0.8037588229663767,
      "gamma_pred": 0.7635532007692089,
      "test_obs": 0.759
    },
    {
      "excluded": "HSC Y3 (2023/24)",
      "xi_fit": 0.6811792292350408,
      "s8_pred": 0.7918330199157833,
      "gamma_pred": 0.7373242880396363,
      "test_obs": 0.776
    },
    {
      "excluded": "KiDS-Legacy (2025)",
      "xi_fit": 0.4733181253569268,
      "s8_pred": 0.7651989493725089,
      "gamma_pred": 0.680162484473155,
      "test_obs": 0.815
    }
  ]
}