{
  "Up": {
    "observed_mass": 2.16,
    "predicted_mass": 2.1983429776242978,
    "error_percent": 1.7751378529767412,
    "topology": "L8a6{0}{0}",
    "volume": 6.551743287887868
  },
  "Down": {
    "observed_mass": 4.67,
    "predicted_mass": 4.670627968530737,
    "error_percent": 0.013446863613214127,
    "topology": "L6a4{0,0}{0}",
    "volume": 7.327724753417752
  },
  "Charm": {
    "observed_mass": 1270.0,
    "predicted_mass": 1205.4200863095487,
    "error_percent": 5.085032574051287,
    "topology": "L9a9{0}{0}",
    "volume": 11.471628355983366
  },
  "Strange": {
    "observed_mass": 93.4,
    "predicted_mass": 95.2380220468741,
    "error_percent": 1.9679036904433485,
    "topology": "L10n95{0,0}{0}",
    "volume": 9.531879835800977
  },
  "Top": {
    "observed_mass": 172760.0,
    "predicted_mass": 183897.53686317694,
    "error_percent": 6.446826153725942,
    "topology": "L10a43{0}{0}",
    "volume": 15.413823605620252
  },
  "Bottom": {
    "observed_mass": 4180.0,
    "predicted_mass": 3937.827802652541,
    "error_percent": 5.7935932379774915,
    "topology": "L10a140{0,0}{0}",
    "volume": 12.276277578170491
  },
  "Electron": {
    "observed_mass": 0.511,
    "predicted_mass": 0.5086805461452172,
    "error_percent": 0.4539048639496726,
    "topology": "3_1",
    "crossing_number": 3
  },
  "Muon": {
    "observed_mass": 105.66,
    "predicted_mass": 123.94755032645641,
    "error_percent": 17.307921944403194,
    "topology": "6_1",
    "crossing_number": 6
  },
  "Tau": {
    "observed_mass": 1776.86,
    "predicted_mass": 1747.569636466611,
    "error_percent": 1.6484339527812506,
    "topology": "7_1",
    "crossing_number": 7
  },
  "summary": {
    "original_mae_reported": 0.78,
    "validation_mae": 4.499133459324683,
    "validation_std": 5.036715151819988,
    "validation_max": 17.307921944403194,
    "validation_min": 0.013446863613214127,
    "status": "INCONSISTENT",
    "num_particles": 9,
    "note": "This validates that the selected topologies correctly predict masses."
  }
}