{
  "n_iterations": 10000,
  "seed": 42,
  "ksau_r2": 0.999743923140788,
  "ksau_mae": 4.879589998590325,
  "null_r2_mean": -1.8533654452578092,
  "null_r2_std": 1.7154798629653394,
  "null_r2_95th": 0.14035051587667693,
  "null_r2_99th": 0.4942457383366305,
  "null_mae_mean": 388259987296.3037,
  "null_mae_std": 23215240719877.39,
  "null_mae_5th": 3020.911337327055,
  "null_mae_1st": 969.300148776909,
  "p_value_r2": 0.0,
  "p_value_mae": 0.0,
  "verdict": "SIGNIFICANT"
}