{
  "ckm": {
    "matrix": [
      [0.9743, 0.2253, 0.0036],
      [0.2252, 0.9734, 0.0410],
      [0.0086, 0.0405, 0.9991]
    ],
    "source": "PDG 2022"
  },
  "couplings": {
    "alpha_s_mz": 0.118,
    "alpha_em_mz": 0.00781860828,
    "alpha_em_0": 0.00729735256,
    "sin2theta_w": 0.2312,
    "catalan_G": 0.915965594177219
  },
  "g_minus_2": {
    "a_e_exp": 0.001159652180,
    "a_mu_exp": 0.00116592061
  },
  "cp_violation": {
    "jarlskog_J": 3.0e-5
  },
  "neutrino": {
    "dm2_21": 7.42e-5,
    "dm2_31_NO": 0.002514,
    "dm2_32_IO": -0.002498,
    "ksau_prediction_sum_meV": 55.2,
    "ksau_prediction_m1_meV": 0.040,
    "ksau_prediction_m2_meV": 8.05,
    "ksau_prediction_m3_meV": 47.1,
    "note": "KSAU v6.0 Corrected (Feb 8, 2026). Previous incorrect value was 59 meV."
  }
}