{
  "r_cell_best": 4.498810883311932,
  "gamma_loo_mean": 0.7107398032467822,
  "gamma_loo_std": 0.011975098276214853,
  "surveys": [
    {
      "survey": "DES Y3",
      "k_eff": 0.15,
      "xi": 0.5224020063915555,
      "s8_pred": 0.7715711850377629,
      "gamma": 0.6936605517576778
    },
    {
      "survey": "HSC Y3",
      "k_eff": 0.35,
      "xi": 0.613478972609427,
      "s8_pred": 0.7832577743082025,
      "gamma": 0.7187067174675925
    },
    {
      "survey": "KiDS-Legacy",
      "k_eff": 0.7,
      "xi": 0.849116649171328,
      "s8_pred": 0.8127142845561306,
      "gamma": 0.7835070785221152
    }
  ],
  "status": "REJECTED"
}