{
  "alpha": 7.2582963209328835,
  "gamma": -0.9271511233869745,
  "chi2": 25.582410679920827,
  "per_survey": {
    "DES Y3": {
      "z": 0.33,
      "k": 0.15,
      "rz": 7.722,
      "s8_obs": 0.759,
      "s8_pred_eff_z0": 0.7672,
      "tension": 0.326
    },
    "CFHTLenS": {
      "z": 0.4,
      "k": 0.2,
      "rz": 9.022,
      "s8_obs": 0.748,
      "s8_pred_eff_z0": 0.7694,
      "tension": 0.324
    },
    "DLS": {
      "z": 0.52,
      "k": 0.22,
      "rz": 8.247,
      "s8_obs": 0.818,
      "s8_pred_eff_z0": 0.7635,
      "tension": -1.029
    },
    "HSC Y3": {
      "z": 0.6,
      "k": 0.35,
      "rz": 11.35,
      "s8_obs": 0.776,
      "s8_pred_eff_z0": 0.7748,
      "tension": -0.036
    },
    "KiDS-Legacy": {
      "z": 0.26,
      "k": 0.7,
      "rz": 36.216,
      "s8_obs": 0.815,
      "s8_pred_eff_z0": 0.8194,
      "tension": 0.208
    },
    "Planck_PR4": {
      "z": 2.0,
      "k": 0.07,
      "rz": 0.654,
      "s8_obs": 0.832,
      "s8_pred_eff_z0": 0.7022,
      "tension": -5.191
    }
  }
}