{
  "r_cell_derived": 20.14650788031978,
  "k_res_derived": 0.049636393857461276,
  "params": [
    7.276879884217679,
    12.63875964451539,
    0.1956990125166264,
    -0.9333647753117131
  ],
  "chi2": 1.3825482911058369,
  "per_survey": {
    "DES Y3": {
      "gamma": -0.927,
      "rz": 7.742,
      "s8_pred_eff_z0": 0.7672,
      "tension": 0.329
    },
    "CFHTLenS": {
      "gamma": -0.929,
      "rz": 9.023,
      "s8_pred_eff_z0": 0.7694,
      "tension": 0.324
    },
    "DLS": {
      "gamma": -0.929,
      "rz": 8.244,
      "s8_pred_eff_z0": 0.7635,
      "tension": -1.029
    },
    "HSC Y3": {
      "gamma": -0.931,
      "rz": 11.337,
      "s8_pred_eff_z0": 0.7747,
      "tension": -0.038
    },
    "KiDS-Legacy": {
      "gamma": -0.932,
      "rz": 36.246,
      "s8_pred_eff_z0": 0.8194,
      "tension": 0.208
    },
    "Planck_PR4": {
      "gamma": 1.743,
      "rz": 795.9,
      "s8_pred_eff_z0": 0.8335,
      "tension": 0.059
    },
    "ACT_DR6": {
      "gamma": 1.743,
      "rz": 1000.0,
      "s8_pred_eff_z0": 0.833,
      "tension": -0.249
    }
  }
}