{
  "z": 2.0,
  "k": 0.07,
  "alpha": 7.7229,
  "gamma": -0.9283,
  "rz": 0.6935452976182442,
  "s8_pred_z": 0.3857604430721206,
  "s8_pred_z0_eff": 0.7058856967527045,
  "benchmark_s8_z0": 0.832,
  "benchmark_s8_err": 0.025,
  "tension": -5.044572129891818
}