{
  "joint_mc": {
    "n_trials": 1000000,
    "p_joint": 0.0,
    "z_joint": 10.0
  },
  "individual": {
    "p_h0": 0.001956,
    "p_s8_fit": 0.7096419069074338,
    "p_pmns_null": 0.0054828107037037015
  }
}