{
  "h0_mc": {
    "p": 0.002422,
    "z": 2.817228829316385
  },
  "s8_mc": {
    "p": 0.0083,
    "z": 2.395449516829616
  },
  "pmns_mc": {
    "p": 0.045,
    "z": 1.6953977102721358
  },
  "combined": {
    "p": 9.04617e-05,
    "z": 3.74426392070772
  }
}