{
  "n_trials": 1000000,
  "p_phys": 0.003032,
  "p_pmns_null": 1.3717421124828535e-06,
  "p_joint": 4.159122085048012e-09,
  "z_score": 5.761879375833708
}