{
  "h0": {
    "p": 0.001543,
    "z": 2.959039043531535
  },
  "s8": {
    "p": 0.2903580930925662,
    "z": 0.5523388963176028
  },
  "pmns": {
    "p": 0.0054828107037037015,
    "z": 2.5437924675825982
  },
  "combined": {
    "p": 2.4564227648831186e-06,
    "z": 4.5684754698764305
  },
  "holm_bonferroni": [
    true,
    true,
    false
  ]
}