{
  "h0": {
    "p": 0.002463,
    "z": 2.811833467196105
  },
  "s8": {
    "p": 0.2903580930925662,
    "z": 0.5523388963176028
  },
  "pmns": {
    "p": 3.1135939643347044e-05,
    "z": 4.004032214351143
  },
  "combined": {
    "p": 1.1133464493721838e-06,
    "z": 4.731679957022521
  },
  "metadata": {
    "n_trials": 1000000,
    "cor_penalty": 50.0
  }
}