{
  "h0": {
    "p": 0.001491,
    "z": 2.9695873704944655
  },
  "s8": {
    "p": 0.2903580930925662,
    "z": 0.5523388963176028
  },
  "pmns": {
    "p": 3.1135939643347047e-07,
    "z": 4.984034777938192
  },
  "combined": {
    "p": 1.347949294367784e-10,
    "z": 6.143196850092457
  }
}