{
  "sector_chi2": 58.95034584483618,
  "sector_p": 9.851008897499014e-13,
  "dof_global": 15,
  "residuals": [
    -0.46110085402958134,
    0.0,
    0.17846836936494803,
    0.7134028517578369,
    -7.628691713491205
  ]
}