{
  "iteration": "4",
  "hypothesis_id": "H25",
  "timestamp": "2026-02-25T02:40:00Z",
  "task_name": "\u6c7a\u5b9a\u8ad6\u7684\u898f\u5247\u306e\u4e0d\u5909\u91cf\u4f9d\u5b58\u6027\u306e\u611f\u5ea6\u5206\u6790",
  "computed_values": {
    "nt_target_correlations": {
      "nt_target": 1.0,
      "K": 0.5683815406449344,
      "S": -0.3900591017967984,
      "C": 0.20856579915940998,
      "Jmax": 0.5677892804687351,
      "Jrange": 0.5453141959262885,
      "Arange": -0.2857297082206927
    },
    "base_rule_contributions": {
      "K": 39.58228873074187,
      "S": 4.666666666666671,
      "C": 7.609246550916126,
      "Jmax": 17.598350020396673
    },
    "alexander_replacement": {
      "best_mae": 17.867213877345907,
      "best_params": [
        6,
        -5,
        -9,
        3,
        -24
      ]
    },
    "interpretation": "Jmax shows high correlation. Removing it significantly impacts the model."
  },
  "ssot_compliance": {
    "all_constants_from_ssot": true,
    "synthetic_data_used": false
  }
}