{
  "iteration": 7,
  "hypothesis_id": "H31",
  "timestamp": "2026-02-25T23:50:00Z",
  "task_name": "\u5b89\u5b9a\u30fb\u4e0d\u5b89\u5b9a\u7c92\u5b50\u306e\u5883\u754c\u6761\u4ef6\u3092\u7528\u3044\u305f\u30e2\u30c7\u30eb\u306e\u6b63\u5247\u5316\u3068\u691c\u8a3c",
  "computed_values": {
    "n_samples": 12,
    "r2": 0.8015073284343793,
    "p_value_perm": 0.008,
    "fpr": 0.008,
    "coefficients": {
      "n": 1.1691123820968108,
      "abs_s": -6.795400320401983,
      "ln_det": 11.634495394958714,
      "u": -7.2404328090748065
    },
    "intercept": -18.742833476298
  },
  "ssot_compliance": {
    "all_constants_from_ssot": true,
    "hardcoded_values_found": false,
    "synthetic_data_used": false,
    "constants_used": [
      "parameters",
      "topology_assignments"
    ]
  }
}