transition,obs,pred,error_pct,dV,dlnJ
Up-Down,0.9743,0.9641488107325171,1.0418956448201713,0.8046492221871278,0.2601340073153402
Up-Strange,0.2253,0.06487065132456368,71.20699009118346,5.229316745199059,1.119704260436147
Up-Bottom,0.0036,8.779056805042343e-05,97.56137310971046,8.567014232726168,1.482788462020697
Charm-Down,0.2252,0.18577548407970595,17.5064457905391,3.935281642073499,0.7842497432712316
Charm-Strange,0.9734,0.9999822430244096,2.7308653199516737,0.48938588093843194,0.07532050984957506
Charm-Bottom,0.041,0.07808191642591729,90.44369859979827,3.8270833684655408,0.4384047114341252
Top-Down,0.0086,3.641496367476308e-05,99.57657018982833,8.95073429560183,1.4778227679374543
Top-Strange,0.0405,0.05525637388323943,36.435491069726986,4.5260667725899,0.6182525148166476
Top-Bottom,0.9991,0.9999936529649907,0.08944579771701186,1.188369285062791,0.25516831323209743
