{
  "iteration": 7,
  "hypothesis_id": "H67",
  "task_name": "\u65e2\u5b58\u306e CKM \u6700\u9069\u5316\u30e2\u30c7\u30eb\u3078\u306e\u5e7e\u4f55\u5b66\u7684\u5b9a\u6570\u306e\u7d71\u5408\u3068 LOO-CV",
  "geometric_coefficients": {
    "A": -6.283185307179586,
    "B": 12.566370614359172,
    "beta": -105.35053608,
    "gamma": 1.125,
    "C": 23.240692632779268
  },
  "performance": {
    "r2": 0.9929831241963163,
    "mae_pct": 35.20530472360345,
    "loo_cv_mae_pct": 245.76573832351096
  },
  "jarlskog_validation": {
    "j_derived": 3.0441972753340367e-05,
    "target_j": 3.08e-05,
    "error_pct": 1.1624261255182984
  },
  "ssot_compliance": {
    "all_constants_from_ssot": true,
    "hardcoded_values_found": false,
    "constants_used": [
      "kappa",
      "pi",
      "alpha_em",
      "sin2theta_w",
      "ckm_matrix",
      "topology_assignments"
    ]
  }
}